make,year,mileage,horsepower,engine_size,num_cylinders,fuel_type,body_style,transmission,color,condition,owner_count,accident_history,service_history,price
Chevrolet,2021,50002,345,6.7,3,Diesel,Crossover,CVT,Black,Poor,3,1,0,47069
Mercedes,2021,142326,203,1.8,12,Diesel,Coupe,Automatic,White,Poor,4,0,0,39343
Kia,2021,153216,78,5.6,12,Electric,SUV,Automatic,White,Excellent,1,1,1,63779
Nissan,2011,160286,77,5.2,12,Electric,SUV,Manual,Brown,Good,2,0,1,49171
Audi,2012,241726,316,3.7,10,Electric,Hatchback,CVT,Blue,Excellent,2,1,0,41849
Chevrolet,2019,216791,137,1.2,8,Diesel,Pickup,Automatic,Gold,Excellent,2,1,0,37735
Hyundai,2023,207846,430,1.3,6,Gasoline,Sedan,Automatic,Red,Good,4,0,1,50429
BMW,2017,142162,234,6.1,6,Gasoline,Sedan,Automatic,Brown,Poor,3,1,0,34998
Chevrolet,2017,147709,253,6.9,3,Diesel,Pickup,Automatic,Blue,Fair,1,0,0,50612
Kia,2023,158487,172,5.0,12,Gasoline,Crossover,Automatic,Blue,Excellent,2,0,0,54422
Kia,2012,29071,173,3.6,3,Diesel,Crossover,Automatic,Brown,Good,1,1,0,34897
Nissan,2014,63243,281,4.8,10,Gasoline,Crossover,Manual,Gray,Excellent,4,0,0,51734
Audi,2011,247023,225,4.5,10,Hybrid,Sedan,CVT,Blue,Good,2,0,1,45623
Mercedes,2008,130827,378,3.2,4,Hybrid,SUV,CVT,Gray,Fair,4,0,1,31523
Nissan,2021,113215,191,1.2,10,Diesel,Sedan,Automatic,White,Fair,3,0,1,40274
Nissan,2021,177312,444,5.9,4,Gasoline,Wagon,CVT,White,Poor,4,0,1,46164
BMW,2012,219879,323,3.1,8,Electric,Coupe,CVT,Blue,Good,4,1,0,35337
Ford,2014,106570,114,5.9,3,Gasoline,Crossover,CVT,White,Good,3,0,1,25200
Audi,2017,169506,418,2.4,8,Hybrid,SUV,Automatic,Red,Poor,1,0,0,54445
Honda,2017,74724,190,0.8,10,Hybrid,Hatchback,Automatic,Gray,Poor,3,0,1,36916
Nissan,2013,120359,347,1.8,8,Gasoline,Hatchback,CVT,Gray,Good,3,1,1,34211
Mazda,2012,80697,325,3.7,8,Gasoline,Coupe,CVT,Blue,Poor,4,1,0,27055
Ford,2011,33732,425,6.7,8,Electric,SUV,Automatic,White,Fair,1,1,0,63080
Honda,2009,126465,221,1.4,10,Electric,Sedan,Manual,Black,Excellent,2,1,0,31431
Mazda,2011,147386,439,6.1,12,Gasoline,Sedan,CVT,Gold,Fair,3,1,0,43330
Audi,2022,160026,146,4.1,8,Gasoline,Wagon,Manual,Brown,Poor,1,0,0,34201
Toyota,2017,62108,114,5.9,4,Gasoline,Wagon,CVT,Brown,Good,3,0,1,37715
Mazda,2017,223116,347,2.6,10,Gasoline,Sedan,Manual,Gray,Good,3,0,1,43479
Hyundai,2010,223577,237,6.0,8,Diesel,Hatchback,Manual,Blue,Fair,3,1,0,28559
Ford,2017,116195,408,5.6,12,Gasoline,Crossover,Manual,Blue,Good,3,1,0,57159
Mazda,2023,108081,67,2.2,10,Electric,Hatchback,Automatic,Red,Poor,4,0,0,40967
Volkswagen,2008,41668,380,1.6,6,Hybrid,Wagon,Manual,Silver,Fair,1,1,1,39701
Toyota,2015,28061,372,6.2,12,Diesel,Coupe,Manual,Gold,Good,1,0,0,65358
Kia,2012,84252,306,6.8,4,Gasoline,Sedan,Manual,Silver,Excellent,1,0,0,50475
Kia,2020,44749,382,1.0,8,Hybrid,Wagon,CVT,Gray,Excellent,3,0,0,56844
Hyundai,2011,135560,314,5.3,6,Diesel,Wagon,Manual,Brown,Poor,4,0,0,29900
Mazda,2023,109680,387,6.4,6,Hybrid,Crossover,CVT,Red,Good,3,0,0,65620
Mazda,2015,152979,113,6.1,10,Gasoline,Sedan,Manual,Red,Poor,3,0,1,32545
BMW,2023,154849,308,6.8,6,Gasoline,Crossover,Manual,Red,Fair,1,0,0,54102
Mazda,2014,229301,298,5.5,4,Electric,Sedan,Automatic,Gray,Excellent,3,0,1,52128
Chevrolet,2009,56745,288,3.5,4,Gasoline,Crossover,CVT,Silver,Fair,2,1,0,24169
Mercedes,2008,113464,126,2.7,3,Gasoline,Hatchback,Manual,Brown,Good,3,1,1,10747
Volkswagen,2019,96865,110,2.8,4,Diesel,Coupe,CVT,Red,Poor,2,1,1,25740
BMW,2023,117428,156,5.3,12,Electric,Coupe,CVT,Brown,Poor,3,0,0,50970
Audi,2023,217890,151,5.4,6,Diesel,Sedan,Automatic,White,Poor,4,0,0,30965
BMW,2018,28624,323,2.0,4,Hybrid,SUV,Automatic,Blue,Fair,4,1,0,37130
Chevrolet,2011,28321,350,6.2,10,Gasoline,Pickup,Automatic,Blue,Excellent,1,0,1,62817
Audi,2015,146560,155,5.2,3,Hybrid,Wagon,Automatic,Brown,Fair,3,0,0,36878
Volkswagen,2019,27574,147,4.3,6,Diesel,Wagon,Automatic,Black,Fair,2,0,1,36461
Chevrolet,2009,141312,137,3.7,3,Gasoline,Sedan,Automatic,Black,Good,2,0,0,19619
Honda,2010,179293,347,4.2,6,Gasoline,Crossover,Automatic,Gray,Good,3,0,1,40935
Mercedes,2019,146550,179,1.8,10,Diesel,SUV,Automatic,Gray,Good,2,0,1,49478
Volkswagen,2008,191717,361,2.1,3,Diesel,Hatchback,Manual,Blue,Excellent,4,0,1,31198
Mazda,2008,246770,224,1.4,8,Diesel,Crossover,CVT,White,Excellent,2,0,0,24788
Honda,2020,155334,241,1.8,12,Diesel,Crossover,Automatic,Gold,Good,1,0,0,53659
Hyundai,2010,123831,282,3.6,12,Diesel,Sedan,Automatic,Silver,Good,4,0,1,45793
Volkswagen,2018,188868,370,4.1,6,Gasoline,Sedan,CVT,Silver,Excellent,4,0,0,50659
Hyundai,2012,140504,66,0.9,8,Diesel,Wagon,Manual,Gray,Poor,4,0,0,10690
Audi,2019,100257,389,5.7,3,Gasoline,Sedan,CVT,White,Excellent,3,0,0,58923
Honda,2010,69291,322,2.6,8,Gasoline,Sedan,CVT,Gray,Excellent,3,0,0,33106
Mercedes,2008,215176,220,6.5,8,Diesel,Sedan,Automatic,Gold,Excellent,4,0,0,42188
Mazda,2008,195471,210,6.8,3,Diesel,Wagon,CVT,Silver,Good,3,0,0,31336
Mazda,2015,132600,144,1.9,10,Electric,Hatchback,CVT,Brown,Poor,2,0,0,33498
Chevrolet,2017,215786,206,3.7,8,Gasoline,Hatchback,Automatic,Gray,Excellent,3,1,1,35400
Mazda,2018,55428,171,0.8,8,Diesel,Pickup,Automatic,Red,Good,3,0,1,35455
Nissan,2019,223803,440,4.5,10,Diesel,Pickup,Automatic,Brown,Fair,4,0,1,59259
BMW,2020,136374,95,4.6,8,Diesel,Sedan,Automatic,Gold,Fair,1,0,1,44462
Toyota,2020,218630,344,2.3,8,Electric,Pickup,CVT,Gold,Excellent,1,0,0,62139
Mercedes,2019,136127,247,4.3,8,Electric,Wagon,CVT,Gray,Fair,1,0,0,53270
Honda,2022,116317,141,2.2,12,Hybrid,Hatchback,Manual,Blue,Poor,2,0,0,42674
Nissan,2021,144789,61,1.8,4,Gasoline,Crossover,Manual,Gray,Fair,3,1,0,14444
Mercedes,2009,132449,444,4.8,10,Hybrid,Hatchback,CVT,Blue,Fair,1,0,1,55968
Honda,2020,33699,362,2.8,8,Diesel,Hatchback,Manual,Gold,Poor,4,0,0,44302
Ford,2010,78686,256,4.5,12,Electric,Wagon,CVT,White,Excellent,1,0,0,57770
Ford,2009,72661,70,3.5,10,Electric,Pickup,Manual,Gold,Excellent,1,1,0,35518
Hyundai,2010,49247,293,6.9,6,Hybrid,Crossover,Automatic,Silver,Poor,3,0,0,43900
Mercedes,2014,152820,445,1.7,6,Electric,Wagon,Manual,Brown,Poor,3,1,1,43963
Ford,2008,110113,254,3.7,8,Diesel,Sedan,Automatic,Brown,Poor,3,0,0,32491
Honda,2017,9621,178,5.0,12,Electric,Coupe,Automatic,Black,Fair,2,1,1,54803
Hyundai,2015,151106,79,3.3,12,Hybrid,Hatchback,Automatic,Black,Poor,2,1,0,26195
Mazda,2020,247999,320,6.8,10,Diesel,Coupe,Automatic,Gold,Good,1,0,0,64748
Honda,2017,141198,352,5.3,10,Hybrid,Wagon,Manual,Silver,Fair,3,0,1,53289
Hyundai,2017,141194,315,4.9,12,Electric,Wagon,CVT,Black,Excellent,1,0,0,67877
Mercedes,2017,23030,281,5.5,10,Hybrid,Wagon,Automatic,Brown,Excellent,4,0,1,58243
Nissan,2021,87838,285,6.7,12,Hybrid,Coupe,Manual,Gray,Excellent,4,1,1,64833
Chevrolet,2009,89717,112,6.4,4,Gasoline,Wagon,Automatic,White,Fair,3,0,1,24065
Mazda,2010,191730,414,5.3,12,Electric,Sedan,Manual,White,Good,3,0,1,61147
Volkswagen,2016,43638,401,5.4,6,Electric,Wagon,Manual,Silver,Poor,4,0,0,57496
Nissan,2014,72067,423,1.7,10,Hybrid,SUV,Manual,Gold,Poor,3,1,1,47064
Audi,2011,242548,339,1.4,12,Gasoline,Pickup,CVT,Black,Excellent,2,0,0,40961
Honda,2017,123033,140,4.3,12,Electric,Coupe,Manual,Gray,Excellent,2,0,1,56671
Audi,2012,110977,261,0.9,10,Diesel,SUV,Manual,White,Fair,3,0,1,38544
Nissan,2009,93869,217,3.8,4,Hybrid,Wagon,CVT,White,Good,4,1,1,28315
Hyundai,2020,110186,179,2.1,4,Electric,Sedan,CVT,Red,Poor,1,0,1,38385
Volkswagen,2018,39674,118,2.9,10,Diesel,Hatchback,Manual,Gold,Fair,3,0,0,37881
Mazda,2020,171926,274,5.6,3,Electric,Crossover,CVT,Red,Poor,3,0,1,42906
Mazda,2015,51271,187,6.6,10,Diesel,Pickup,Automatic,Brown,Excellent,1,0,1,63610
Mazda,2011,78688,283,1.2,10,Hybrid,Crossover,Automatic,White,Poor,3,0,1,33388
Volkswagen,2016,174590,268,4.1,4,Electric,Wagon,CVT,Silver,Good,1,1,1,44771
Toyota,2012,116076,429,6.3,4,Electric,Pickup,CVT,Blue,Good,4,1,0,55855
Volkswagen,2020,146339,174,1.3,10,Gasoline,Pickup,Manual,Blue,Excellent,2,0,0,40753
Chevrolet,2016,226897,268,5.9,10,Hybrid,Sedan,CVT,Gray,Good,4,1,0,46865
Volkswagen,2011,6062,73,3.0,10,Diesel,Pickup,Manual,White,Good,2,0,1,39014
Nissan,2017,55448,68,2.8,4,Electric,Coupe,Automatic,White,Fair,1,1,0,30846
Toyota,2012,100462,99,6.9,10,Electric,SUV,CVT,Brown,Poor,2,1,0,40210
Mazda,2016,142301,296,2.0,10,Diesel,SUV,Manual,White,Excellent,4,0,0,47032
Nissan,2015,192865,340,5.1,8,Hybrid,SUV,Manual,Silver,Excellent,2,1,1,56410
Nissan,2023,52915,418,5.9,3,Gasoline,Coupe,Automatic,Red,Excellent,1,0,0,65193
Kia,2010,9632,260,1.1,6,Gasoline,Crossover,CVT,White,Excellent,2,0,0,31879
BMW,2008,109592,305,5.0,3,Electric,Sedan,Automatic,White,Excellent,3,0,0,40947
Toyota,2010,139668,337,6.7,8,Diesel,Pickup,Manual,Brown,Good,4,0,0,45783
Nissan,2023,114779,294,1.6,6,Electric,Coupe,Manual,Gold,Fair,3,1,0,37987
BMW,2011,142240,63,6.4,10,Diesel,SUV,CVT,Black,Excellent,1,1,0,39704
BMW,2009,113099,213,4.5,8,Gasoline,Wagon,Manual,Gold,Fair,2,0,0,34211
Toyota,2008,12561,88,4.6,10,Hybrid,Hatchback,CVT,Brown,Fair,3,1,1,25834
Kia,2014,209866,168,4.6,4,Diesel,Pickup,Automatic,Gold,Good,3,1,1,35679
Audi,2023,87152,157,2.7,12,Gasoline,Coupe,CVT,Brown,Excellent,2,0,0,53232
Hyundai,2015,130036,274,6.6,8,Electric,Coupe,CVT,Silver,Good,2,0,1,55141
Chevrolet,2014,129049,352,6.7,4,Diesel,Sedan,Manual,Gray,Excellent,4,0,0,48547
Hyundai,2021,31734,134,4.7,8,Hybrid,Sedan,Manual,White,Good,3,0,1,54210
Volkswagen,2023,142443,385,5.7,8,Electric,Coupe,CVT,Brown,Fair,3,1,1,62599
Mazda,2012,31069,205,4.6,4,Electric,SUV,Manual,Brown,Excellent,1,0,0,46595
Chevrolet,2019,215977,187,3.8,6,Gasoline,Hatchback,Manual,Black,Poor,4,1,0,21830
Volkswagen,2008,17910,400,4.9,3,Diesel,Pickup,Manual,Brown,Fair,1,0,0,45771
Nissan,2014,78479,101,4.2,10,Electric,Sedan,CVT,Blue,Poor,3,0,0,32823
Mazda,2020,213807,415,4.5,8,Hybrid,Pickup,Manual,Gray,Fair,1,0,1,53612
Honda,2014,86264,100,5.7,10,Diesel,SUV,CVT,White,Good,3,0,0,41696
Toyota,2016,28275,93,3.8,12,Hybrid,Pickup,Manual,White,Excellent,3,0,0,46908
Chevrolet,2010,77274,76,1.1,4,Electric,Wagon,Automatic,Black,Fair,1,0,0,21719
Chevrolet,2016,217521,224,1.8,10,Hybrid,Sedan,Manual,Silver,Good,1,0,0,44591
Nissan,2021,105776,212,3.5,4,Gasoline,SUV,Manual,White,Excellent,2,0,0,47357
Audi,2008,196076,437,5.3,10,Hybrid,SUV,CVT,Blue,Excellent,2,0,0,58616
BMW,2008,199053,135,4.5,3,Diesel,Hatchback,CVT,White,Fair,2,1,1,19845
Mazda,2021,220731,146,4.8,3,Hybrid,Hatchback,Manual,Blue,Excellent,3,0,0,42569
Nissan,2011,190625,176,3.8,3,Hybrid,Wagon,Automatic,Gray,Fair,1,0,0,34650
Ford,2023,53447,421,4.6,3,Gasoline,SUV,Manual,Gray,Excellent,4,0,1,60665
Kia,2016,170601,401,2.8,3,Hybrid,Crossover,Manual,Red,Poor,3,0,0,36539
BMW,2013,131394,86,3.7,3,Hybrid,SUV,Automatic,Red,Good,4,1,1,29110
Toyota,2020,80703,372,5.4,4,Electric,Hatchback,CVT,Blue,Poor,1,0,1,64361
BMW,2018,81090,346,6.2,8,Electric,Crossover,Manual,Silver,Fair,3,0,0,59024
Audi,2010,22260,193,3.5,10,Diesel,Sedan,CVT,White,Poor,4,1,0,22330
BMW,2008,117581,278,1.1,3,Electric,Sedan,CVT,Brown,Fair,4,0,0,28485
Toyota,2011,8812,227,1.8,4,Electric,Pickup,Automatic,White,Excellent,2,0,0,40878
Audi,2019,164096,157,0.9,4,Electric,Coupe,Automatic,Red,Excellent,2,0,0,40764
Hyundai,2020,194728,327,4.9,4,Electric,Hatchback,CVT,Gold,Fair,2,0,0,55670
Chevrolet,2016,121148,296,2.9,8,Gasoline,Coupe,Manual,Brown,Poor,3,0,0,33450
Chevrolet,2010,163357,368,4.2,10,Electric,Crossover,CVT,Blue,Excellent,1,0,0,54012
Kia,2019,228508,232,3.9,8,Gasoline,Hatchback,Manual,Brown,Good,1,1,1,39153
Volkswagen,2016,121421,249,1.3,6,Gasoline,Wagon,Manual,Gold,Excellent,2,1,0,35152
Hyundai,2014,6605,181,3.3,4,Electric,SUV,Automatic,White,Good,2,0,0,49092
Hyundai,2019,207230,105,2.2,6,Hybrid,Wagon,Manual,White,Poor,2,0,0,27184
Mazda,2021,77303,123,3.4,12,Gasoline,Crossover,Manual,Silver,Good,4,1,1,45110
BMW,2022,163211,189,2.1,3,Hybrid,Hatchback,CVT,Black,Good,2,0,0,39889
Chevrolet,2023,213221,369,6.0,3,Hybrid,Crossover,Automatic,Brown,Good,4,1,1,60420
Toyota,2011,192210,422,1.9,8,Electric,SUV,Manual,Red,Good,1,1,0,46407
Mercedes,2010,81125,252,6.8,10,Diesel,Sedan,Manual,Gold,Excellent,3,1,1,54887
Mercedes,2017,149990,366,3.4,6,Electric,Sedan,Automatic,Gold,Good,3,0,0,58770
Audi,2022,221727,240,6.0,10,Diesel,Crossover,CVT,Gold,Excellent,3,0,0,56964
Chevrolet,2023,163518,351,4.7,8,Diesel,Coupe,Automatic,Red,Good,3,0,0,64508
Chevrolet,2012,129040,430,5.4,3,Electric,Hatchback,Automatic,Black,Fair,4,1,0,49180
Kia,2012,149118,341,5.6,10,Electric,Hatchback,Manual,White,Poor,4,0,0,51745
Mercedes,2010,160890,88,3.9,10,Diesel,Sedan,Manual,Silver,Good,2,1,0,17457
Chevrolet,2019,236966,208,4.2,3,Electric,Pickup,CVT,Silver,Fair,4,0,1,42529
Kia,2016,9324,326,4.0,6,Diesel,Wagon,Manual,Red,Good,2,0,1,54807
BMW,2011,81323,355,4.4,3,Hybrid,Pickup,Manual,Silver,Good,2,0,0,48173
Ford,2018,14111,70,1.0,10,Electric,SUV,Automatic,Gold,Good,3,0,0,43231
Mazda,2012,174182,223,3.3,6,Hybrid,Wagon,Manual,Gray,Fair,4,0,0,29247
Honda,2011,21389,172,4.6,6,Gasoline,Wagon,CVT,Black,Poor,4,0,1,30927
Hyundai,2012,127177,246,4.5,3,Hybrid,Crossover,Automatic,White,Fair,2,1,0,33413
Volkswagen,2014,46427,354,5.7,10,Hybrid,Sedan,CVT,Gray,Poor,2,0,1,56247
Audi,2023,215651,291,4.9,8,Diesel,Pickup,Automatic,Black,Good,1,0,0,63958
Ford,2016,164818,286,7.0,10,Hybrid,Pickup,Manual,Blue,Excellent,1,0,0,65369
Mazda,2014,127883,369,2.6,4,Electric,Sedan,Automatic,Brown,Good,2,1,1,48344
Mazda,2020,223958,157,3.0,12,Diesel,Pickup,Automatic,Red,Poor,1,1,1,45502
Mazda,2012,243213,114,3.2,8,Gasoline,Sedan,Manual,Gold,Fair,1,0,0,19840
Mazda,2017,136189,170,3.7,6,Electric,Crossover,Manual,Silver,Good,2,1,0,34917
Mercedes,2017,130808,211,6.0,8,Gasoline,Coupe,CVT,Blue,Fair,2,1,1,40052
Kia,2014,117221,305,2.3,6,Hybrid,Wagon,CVT,Silver,Fair,4,0,0,35677
Hyundai,2021,220543,128,5.6,6,Electric,Crossover,Manual,Gray,Fair,2,0,1,48128
Chevrolet,2022,248685,371,3.3,8,Electric,Hatchback,Manual,White,Good,2,0,0,59471
Mazda,2017,18234,348,4.5,6,Gasoline,SUV,Manual,White,Fair,3,0,1,53448
Volkswagen,2012,239936,309,4.7,6,Electric,Coupe,Automatic,White,Fair,4,1,1,45205
Chevrolet,2010,58441,95,3.1,4,Electric,Hatchback,Automatic,Gold,Good,4,0,0,30301
Toyota,2014,5846,298,4.0,10,Electric,Wagon,Automatic,Silver,Fair,4,1,1,51636
Toyota,2020,15954,207,3.4,10,Hybrid,Pickup,Manual,Blue,Good,3,0,0,53252
Volkswagen,2018,84239,286,1.2,12,Gasoline,Sedan,CVT,White,Poor,2,0,0,34777
Kia,2018,249761,303,3.5,12,Electric,Wagon,Manual,Blue,Poor,4,0,0,38842
Volkswagen,2009,51514,396,1.4,4,Diesel,Crossover,Automatic,Silver,Poor,4,0,0,28158
Mercedes,2022,93236,424,3.3,12,Diesel,SUV,Automatic,Gold,Fair,1,1,1,58251
Volkswagen,2019,102579,260,4.5,8,Diesel,Crossover,Manual,Gray,Excellent,4,1,0,48813
BMW,2016,142541,213,4.4,3,Diesel,Coupe,Manual,Gold,Excellent,2,0,0,40255
Chevrolet,2017,166177,132,4.9,3,Hybrid,Coupe,Automatic,Blue,Fair,2,0,0,30844
Ford,2017,47101,260,1.4,3,Electric,SUV,Automatic,Gold,Excellent,1,0,0,52179
Nissan,2019,69323,355,4.8,4,Gasoline,Hatchback,Automatic,Gold,Good,4,0,0,48004
Kia,2008,96922,76,2.7,4,Electric,Hatchback,Manual,Gray,Excellent,4,0,1,27054
Volkswagen,2020,194139,188,3.3,6,Hybrid,Coupe,Automatic,Silver,Fair,4,0,1,41028
Audi,2013,185448,276,6.1,3,Diesel,Coupe,Automatic,Silver,Fair,3,0,1,37441
Toyota,2014,181659,120,0.9,8,Hybrid,Pickup,CVT,Red,Good,4,1,0,21788
BMW,2021,173048,163,4.4,12,Electric,Sedan,Manual,Gold,Poor,2,0,0,49133
Hyundai,2020,240659,101,4.5,8,Gasoline,Pickup,CVT,Silver,Fair,2,0,0,29569
Mazda,2015,132534,84,3.3,12,Hybrid,Pickup,CVT,Silver,Good,3,0,0,39158
Nissan,2017,72584,98,2.3,3,Gasoline,Hatchback,Automatic,Black,Excellent,3,0,0,25259
Kia,2016,109537,350,2.3,3,Hybrid,SUV,Manual,White,Excellent,4,0,0,49061
Ford,2009,83477,190,6.3,3,Gasoline,Hatchback,Automatic,Red,Good,1,1,0,29840
Nissan,2018,246983,288,3.5,4,Gasoline,Sedan,Manual,Brown,Good,3,1,1,30110
Volkswagen,2017,47533,167,2.9,12,Diesel,Crossover,CVT,Red,Fair,3,0,0,37704
Mercedes,2009,6828,231,3.6,4,Gasoline,Coupe,Manual,Red,Excellent,4,0,0,29542
Toyota,2012,6917,161,5.0,4,Diesel,Coupe,Automatic,Brown,Good,4,0,0,38758
Toyota,2020,25618,413,1.7,10,Electric,Sedan,Automatic,Black,Excellent,3,1,0,63481
Hyundai,2012,37254,71,3.6,8,Electric,Pickup,Automatic,Gold,Good,1,0,1,40373
Mercedes,2013,110292,334,4.4,8,Diesel,SUV,Manual,Gray,Excellent,3,0,0,57478
Mazda,2010,52362,160,6.7,6,Diesel,Coupe,CVT,Silver,Poor,4,0,0,32358
Chevrolet,2015,25128,103,2.4,4,Hybrid,Wagon,CVT,White,Fair,4,0,0,24117
Honda,2023,128781,364,3.0,12,Hybrid,Pickup,Manual,Blue,Excellent,3,0,0,62615
BMW,2020,247353,76,3.2,10,Hybrid,Coupe,Automatic,Gold,Poor,1,1,0,29565
Toyota,2008,195455,389,4.6,10,Electric,Wagon,CVT,Brown,Excellent,3,0,1,53114
Audi,2013,70545,116,3.0,8,Hybrid,Sedan,Automatic,Gray,Excellent,3,0,1,40750
Toyota,2011,87180,370,4.1,4,Gasoline,Sedan,Manual,Gold,Poor,4,0,1,35556
Nissan,2008,92958,362,5.6,6,Gasoline,Pickup,Automatic,Brown,Excellent,1,1,0,48651
Toyota,2022,145937,71,5.2,4,Hybrid,Coupe,CVT,Silver,Excellent,2,1,1,38147
Kia,2014,138291,377,3.6,3,Gasoline,Hatchback,CVT,Black,Fair,1,0,0,39096
Toyota,2016,44809,139,6.2,4,Electric,Wagon,Automatic,Gold,Poor,3,1,0,36916
Honda,2020,121748,275,4.3,3,Gasoline,SUV,Manual,Brown,Poor,3,0,1,49831
Honda,2011,10287,398,4.1,3,Electric,Coupe,Automatic,Silver,Good,3,0,0,51915
Mazda,2011,170459,323,1.0,6,Diesel,SUV,Manual,Silver,Excellent,1,0,0,38298
Ford,2013,13512,208,6.9,12,Diesel,Coupe,Automatic,Black,Fair,4,0,1,50455
Chevrolet,2019,137414,140,1.6,8,Diesel,Hatchback,CVT,Red,Excellent,3,0,0,37251
Audi,2022,199148,274,2.2,4,Diesel,Hatchback,Manual,Gold,Excellent,3,0,0,38598
Toyota,2010,113872,433,1.1,3,Gasoline,Pickup,Manual,Gold,Good,1,0,0,38738
Toyota,2020,155288,257,4.8,4,Hybrid,Pickup,Manual,Red,Excellent,2,1,1,51529
BMW,2019,98070,259,2.2,12,Gasoline,Hatchback,CVT,White,Fair,2,0,1,44517
Honda,2013,84767,84,1.9,8,Electric,Crossover,Automatic,White,Fair,4,0,1,26426
Audi,2014,102829,148,1.3,12,Gasoline,Hatchback,CVT,Red,Good,4,0,0,25263
Mazda,2018,162686,327,1.4,8,Gasoline,Sedan,Manual,Gray,Excellent,3,1,0,41676
Hyundai,2017,172330,202,4.4,10,Electric,Sedan,Automatic,Blue,Fair,1,0,0,52375
Ford,2017,229861,118,5.1,8,Diesel,Crossover,CVT,Silver,Excellent,3,0,0,40788
Chevrolet,2010,47078,424,3.3,6,Diesel,Wagon,Manual,Blue,Excellent,4,1,0,37545
Mercedes,2014,111288,85,3.8,12,Diesel,SUV,Manual,Silver,Excellent,1,0,0,45710
Chevrolet,2021,88524,106,5.1,3,Hybrid,Coupe,CVT,Red,Good,1,0,0,39466
Kia,2010,232645,347,0.9,10,Electric,Coupe,CVT,White,Excellent,4,1,1,35807
Nissan,2020,17219,325,2.8,6,Electric,Crossover,CVT,Gray,Fair,2,0,0,56280
Kia,2020,5235,75,6.8,4,Gasoline,Sedan,Manual,White,Excellent,2,0,0,48015
Toyota,2009,47929,258,4.4,12,Hybrid,Pickup,CVT,Blue,Fair,1,0,0,47413
Ford,2019,132309,341,2.4,3,Diesel,Coupe,Manual,White,Excellent,3,0,1,52429
Nissan,2021,72444,145,4.0,8,Hybrid,Sedan,CVT,Red,Fair,2,0,1,48106
Audi,2017,144639,309,2.9,3,Electric,Wagon,Manual,Gray,Fair,3,0,1,36993
Mercedes,2011,106834,329,4.1,4,Electric,SUV,Manual,Blue,Excellent,2,0,1,52576
Honda,2019,206864,394,1.6,10,Gasoline,Wagon,Automatic,Gray,Excellent,2,0,0,52309
Ford,2015,201513,176,1.6,10,Gasoline,Crossover,CVT,Gold,Fair,3,1,0,20238
Ford,2020,89555,66,1.7,12,Electric,Hatchback,CVT,Silver,Poor,4,0,0,32371
Kia,2022,78698,196,6.6,10,Diesel,Hatchback,Manual,White,Good,2,0,0,55908
Toyota,2016,129450,430,5.3,12,Diesel,Hatchback,Manual,Gray,Poor,2,1,0,60268
Volkswagen,2014,141487,235,1.8,12,Hybrid,Wagon,Manual,Black,Poor,3,0,0,33189
Mazda,2008,172231,387,2.0,12,Electric,Coupe,Automatic,Gold,Excellent,4,0,1,56907
Kia,2010,48925,374,5.3,8,Electric,SUV,Automatic,White,Good,2,1,1,54998
Ford,2020,142023,274,1.8,6,Diesel,Hatchback,Manual,Silver,Poor,2,0,1,41350
BMW,2019,92388,141,2.3,12,Diesel,Crossover,CVT,Gray,Excellent,4,0,1,45627
Mercedes,2021,13007,282,6.8,12,Electric,Crossover,CVT,Blue,Poor,2,1,1,61663
Mazda,2016,177904,431,2.4,6,Gasoline,Hatchback,Automatic,Silver,Poor,4,0,0,36520
Kia,2022,63596,162,4.9,3,Electric,Hatchback,Automatic,Black,Excellent,4,0,0,52616
Mercedes,2019,126101,332,6.9,12,Electric,SUV,Manual,Gray,Excellent,3,0,1,73854
BMW,2008,166595,73,3.1,8,Diesel,Hatchback,CVT,Brown,Excellent,1,0,1,27163
Hyundai,2016,93861,218,0.9,10,Diesel,SUV,Manual,Brown,Good,4,0,0,31319
BMW,2015,91740,211,2.3,10,Gasoline,Crossover,Automatic,Red,Poor,3,1,1,31492
BMW,2008,20524,167,6.0,4,Gasoline,Hatchback,CVT,White,Excellent,1,0,0,39885
Mercedes,2013,155354,247,6.2,4,Hybrid,Wagon,CVT,Blue,Fair,2,1,0,37322
Chevrolet,2012,160002,360,5.6,10,Electric,Pickup,Automatic,Red,Poor,1,0,1,64692
Mercedes,2013,136149,157,1.5,10,Diesel,Wagon,Manual,Gray,Fair,4,1,0,22431
Volkswagen,2017,241953,190,5.7,8,Gasoline,Crossover,Manual,Brown,Good,4,1,0,36919
Toyota,2019,130501,352,6.5,6,Hybrid,SUV,CVT,Brown,Excellent,4,0,0,67670
Nissan,2020,25611,230,4.5,4,Hybrid,Wagon,Automatic,Brown,Fair,4,0,1,39228
Chevrolet,2023,153056,242,6.6,6,Diesel,SUV,CVT,Gray,Good,4,0,0,57999
Honda,2020,19060,423,5.9,8,Diesel,Wagon,Automatic,Brown,Excellent,3,0,1,69109
Nissan,2020,219057,98,4.9,10,Hybrid,Wagon,Manual,Silver,Fair,4,1,0,29715
Toyota,2022,220128,74,4.4,12,Gasoline,SUV,Automatic,Gold,Fair,3,1,0,32915
Kia,2012,48303,435,3.0,6,Hybrid,Coupe,Manual,Gray,Good,2,0,1,52312
Mazda,2023,195279,63,1.8,10,Electric,Wagon,Automatic,Blue,Excellent,4,0,0,45173
Volkswagen,2013,211118,408,4.6,10,Electric,Hatchback,CVT,Gold,Excellent,4,0,1,60248
Volkswagen,2012,165359,269,2.8,3,Diesel,Pickup,Manual,Red,Fair,1,0,0,31741
Honda,2018,229781,220,6.2,6,Gasoline,Crossover,CVT,Blue,Fair,2,0,1,43274
Chevrolet,2019,44711,75,7.0,12,Gasoline,Coupe,CVT,Gold,Fair,4,1,0,40509
Hyundai,2012,148026,167,5.5,6,Electric,SUV,Manual,Black,Excellent,4,1,0,41757
BMW,2011,78340,441,1.4,10,Hybrid,Coupe,Manual,Brown,Good,2,0,0,44336
Chevrolet,2010,208173,370,2.6,12,Diesel,Sedan,CVT,Black,Good,3,0,0,39436
Mazda,2010,207592,286,1.5,8,Hybrid,Sedan,CVT,White,Excellent,4,0,1,35461
Hyundai,2011,223134,229,4.8,3,Hybrid,Wagon,CVT,White,Poor,1,0,0,31646
Volkswagen,2016,107974,93,5.5,10,Hybrid,Wagon,CVT,Gold,Good,4,0,0,37005
Mercedes,2009,154646,310,6.5,4,Gasoline,Hatchback,Manual,Black,Fair,1,0,0,36176
Mazda,2022,145256,306,3.5,4,Electric,Pickup,Manual,Gray,Poor,1,1,0,43655
Toyota,2016,155168,328,6.4,3,Gasoline,Crossover,CVT,Blue,Poor,4,0,1,43002
Honda,2008,72728,200,6.2,8,Electric,Coupe,Automatic,Black,Good,4,0,0,43845
Toyota,2021,170088,333,2.8,10,Diesel,Sedan,Automatic,White,Poor,1,1,1,44738
Mazda,2022,16246,155,6.2,6,Diesel,Wagon,Manual,Black,Poor,2,1,1,41354
Audi,2022,181630,286,3.1,3,Hybrid,Crossover,CVT,Gray,Good,2,0,1,50723
Audi,2008,154453,438,2.6,8,Electric,Coupe,CVT,Black,Good,4,0,0,48570
Kia,2012,132796,98,4.8,6,Electric,Wagon,Manual,Blue,Poor,3,0,1,27205
Chevrolet,2013,172527,361,2.8,4,Electric,Wagon,Automatic,Red,Fair,2,1,1,42644
Volkswagen,2013,97263,88,4.7,4,Hybrid,Sedan,Automatic,Gray,Excellent,4,1,1,30285
Volkswagen,2010,140090,377,4.6,6,Hybrid,Sedan,Automatic,White,Poor,2,0,0,44586
BMW,2023,16302,304,4.3,3,Diesel,Wagon,Manual,Blue,Poor,3,0,1,52350
BMW,2014,72506,295,3.2,4,Gasoline,SUV,Automatic,Black,Fair,4,1,1,33990
BMW,2016,46157,244,4.2,10,Electric,Wagon,Manual,Black,Poor,3,0,1,43652
Mercedes,2018,59917,331,4.5,12,Electric,Crossover,Manual,Red,Poor,4,0,0,57656
Nissan,2019,228810,295,4.2,6,Gasoline,Wagon,CVT,White,Excellent,3,0,0,46841
Ford,2017,101646,298,3.6,6,Electric,Hatchback,Automatic,White,Excellent,2,0,1,59661
Nissan,2023,88122,436,0.9,4,Hybrid,Pickup,Manual,Silver,Excellent,2,0,0,61653
Toyota,2023,29519,325,4.4,3,Hybrid,Hatchback,Automatic,White,Good,3,1,1,54278
Nissan,2015,232881,418,1.8,10,Electric,Hatchback,Automatic,Red,Good,3,1,0,51542
Mercedes,2013,223559,399,4.8,3,Hybrid,SUV,CVT,Brown,Excellent,3,0,0,53727
Kia,2019,192891,448,5.5,8,Hybrid,SUV,Automatic,Silver,Excellent,4,0,0,65617
Toyota,2015,85910,124,3.9,8,Electric,Wagon,CVT,Silver,Good,2,0,0,46255
Nissan,2019,125430,236,4.2,12,Diesel,Hatchback,Manual,Black,Fair,4,0,1,47792
Mercedes,2012,76324,62,6.7,4,Gasoline,SUV,Automatic,Black,Poor,2,0,1,31167
Ford,2015,10408,201,6.1,4,Hybrid,Sedan,Manual,White,Poor,1,1,1,40668
Nissan,2017,64379,435,6.5,4,Diesel,Wagon,Automatic,Silver,Excellent,4,0,0,62784
Mercedes,2019,30053,217,5.8,12,Hybrid,Crossover,Manual,Gold,Fair,2,0,1,62231
BMW,2011,145518,383,1.5,8,Hybrid,Pickup,Automatic,Black,Good,2,0,1,50863
Volkswagen,2017,136994,205,1.7,3,Gasoline,Coupe,Automatic,Red,Excellent,4,1,0,30075
BMW,2015,103723,352,4.1,12,Hybrid,Wagon,Automatic,Gold,Fair,4,1,0,48012
Volkswagen,2017,56356,212,2.3,12,Gasoline,Coupe,Automatic,Black,Fair,2,1,1,41046
Honda,2019,15789,252,3.8,3,Gasoline,Hatchback,Automatic,Gray,Fair,4,1,1,33643
Honda,2009,102720,132,3.2,4,Gasoline,Pickup,Automatic,Gray,Good,3,0,1,27088
Honda,2019,71656,364,4.2,10,Diesel,Coupe,Automatic,Black,Good,4,0,0,57729
Ford,2019,49028,436,5.4,3,Electric,Hatchback,Automatic,Silver,Poor,4,0,1,54009
BMW,2012,69484,403,5.2,8,Diesel,Sedan,Automatic,Brown,Poor,4,0,0,41937
Volkswagen,2016,37154,199,4.0,6,Electric,Coupe,Manual,Brown,Fair,2,0,0,41736
Mercedes,2011,218942,246,5.9,6,Electric,Pickup,CVT,Silver,Fair,3,0,0,41587
Toyota,2023,7336,352,3.5,12,Gasoline,Wagon,Automatic,Blue,Good,1,0,0,63963
Mercedes,2018,108677,120,6.4,6,Hybrid,Hatchback,CVT,Brown,Poor,1,0,0,39966
Toyota,2013,72779,439,1.2,10,Gasoline,Wagon,Automatic,Gray,Fair,3,0,0,44746
Audi,2022,24029,257,6.7,4,Hybrid,Pickup,Automatic,Red,Poor,3,1,1,52884
Mercedes,2008,64201,354,4.9,8,Electric,SUV,Manual,Silver,Poor,3,0,1,52356
Nissan,2016,37265,378,3.2,10,Gasoline,Hatchback,Manual,White,Fair,2,0,0,51957
Nissan,2008,107916,361,2.0,8,Hybrid,Coupe,CVT,Gray,Good,1,0,1,43288
Chevrolet,2012,248322,403,3.8,8,Diesel,Hatchback,Manual,Red,Fair,3,0,0,42090
BMW,2011,179944,70,2.0,4,Hybrid,Wagon,Manual,Red,Fair,2,0,0,17553
Toyota,2020,51197,121,1.8,12,Gasoline,Sedan,CVT,Silver,Poor,1,0,1,36687
Toyota,2019,130733,392,4.6,6,Diesel,Hatchback,Manual,Red,Fair,4,0,0,52182
Mazda,2023,191252,285,4.0,4,Hybrid,Coupe,Automatic,Silver,Good,2,0,0,56189
Kia,2020,159782,212,5.0,10,Hybrid,SUV,CVT,Brown,Fair,1,0,0,50769
BMW,2020,165558,258,6.6,12,Hybrid,Crossover,CVT,Black,Good,2,0,0,62173
Ford,2021,76907,111,4.1,10,Hybrid,Sedan,Automatic,Gray,Good,1,0,1,53930
Chevrolet,2010,133876,319,4.4,12,Hybrid,SUV,Manual,Blue,Poor,1,0,0,49872
Ford,2020,207967,118,1.4,10,Diesel,Hatchback,CVT,Black,Excellent,4,0,0,33709
Ford,2013,69435,131,5.2,4,Electric,Wagon,CVT,Gray,Excellent,2,0,0,41283
Ford,2009,45631,207,3.3,12,Diesel,Pickup,Automatic,Silver,Poor,3,0,1,37308
BMW,2010,134038,408,6.9,12,Diesel,Wagon,Automatic,Gray,Fair,4,0,0,56452
Ford,2023,237604,122,5.9,8,Diesel,Coupe,Manual,Brown,Poor,4,0,1,36643
Nissan,2012,25103,369,4.0,8,Electric,Wagon,CVT,Silver,Good,1,0,0,53912
Kia,2022,69772,432,1.6,3,Gasoline,Sedan,Manual,Black,Excellent,3,1,0,46865
Kia,2016,131108,302,6.1,10,Electric,Wagon,Manual,White,Poor,2,1,0,49309
Honda,2009,19382,425,5.8,8,Diesel,Coupe,Automatic,White,Fair,3,1,0,41621
Audi,2017,89291,389,1.9,3,Hybrid,Crossover,CVT,Gold,Poor,3,0,0,44505
Toyota,2015,106195,166,2.6,8,Hybrid,Hatchback,CVT,Gold,Excellent,3,0,0,39083
Mazda,2021,139828,285,5.7,10,Diesel,Pickup,CVT,Gray,Poor,3,0,1,54714
Toyota,2009,25609,372,1.9,12,Hybrid,Hatchback,Automatic,White,Poor,3,0,0,46669
Audi,2018,152550,277,6.5,6,Diesel,Wagon,Automatic,Silver,Excellent,1,0,1,62746
Mazda,2020,237050,300,3.4,10,Hybrid,SUV,Automatic,Red,Good,1,0,0,56482
BMW,2012,175738,318,1.3,4,Electric,Hatchback,Automatic,Silver,Good,4,1,0,32151
Mercedes,2014,80683,435,5.9,8,Gasoline,Crossover,Automatic,Red,Excellent,1,0,0,62804
BMW,2015,235169,321,3.1,8,Gasoline,Wagon,CVT,Black,Poor,4,1,1,32999
Toyota,2008,129714,64,4.1,12,Electric,Pickup,Manual,Blue,Excellent,4,0,0,34996
Toyota,2013,135330,320,1.5,4,Electric,Coupe,CVT,Red,Good,2,0,0,35863
Mazda,2008,236492,113,0.8,12,Diesel,Crossover,Manual,White,Fair,3,0,0,8853
Mazda,2009,76315,106,4.8,4,Diesel,Wagon,Automatic,Silver,Poor,1,0,0,28996
Audi,2023,82834,274,4.0,6,Diesel,Crossover,Manual,Black,Good,2,1,0,47889
Ford,2022,131205,236,4.5,8,Hybrid,Hatchback,CVT,White,Poor,1,0,0,52084
BMW,2008,19153,68,5.7,8,Diesel,Pickup,CVT,Black,Excellent,4,0,0,34270
Mazda,2018,245487,158,4.8,6,Electric,Coupe,Manual,Blue,Fair,1,1,0,35665
Volkswagen,2012,81325,79,1.9,3,Gasoline,Wagon,Automatic,Brown,Excellent,3,0,1,22370
Audi,2017,245773,437,3.0,12,Hybrid,Sedan,Automatic,Silver,Fair,4,1,0,52696
Nissan,2022,149071,300,6.4,6,Diesel,Coupe,CVT,Gray,Poor,4,0,0,45283
Toyota,2016,60318,120,5.6,12,Hybrid,Sedan,Manual,Silver,Poor,2,0,0,42131
Audi,2013,136886,438,4.3,10,Hybrid,Crossover,Automatic,Gold,Excellent,3,0,1,64943
BMW,2018,120033,237,2.4,8,Diesel,SUV,Automatic,Blue,Fair,4,0,0,36569
Mazda,2018,81077,397,2.7,12,Hybrid,Coupe,CVT,Silver,Fair,3,0,0,58889
Toyota,2008,95474,121,5.3,4,Gasoline,Crossover,Automatic,Gold,Poor,1,0,0,24622
Mercedes,2020,138515,204,6.1,12,Electric,Sedan,Manual,Gray,Excellent,3,1,0,59349
Audi,2008,212065,275,5.0,10,Electric,Hatchback,CVT,Red,Fair,4,1,0,31428
Chevrolet,2009,211988,62,5.8,8,Gasoline,Hatchback,CVT,Black,Poor,2,0,1,16125
Toyota,2016,78319,219,5.6,6,Hybrid,SUV,Manual,Gray,Good,4,0,1,52811
BMW,2010,130885,286,1.7,10,Diesel,Coupe,CVT,White,Excellent,3,0,1,47929
Honda,2022,114777,328,3.4,8,Hybrid,Coupe,Automatic,Blue,Good,3,0,0,58274
Volkswagen,2008,22368,179,1.7,12,Gasoline,Coupe,Automatic,Red,Excellent,4,0,0,25640
Hyundai,2012,151400,440,2.3,3,Hybrid,Crossover,Manual,White,Poor,3,0,0,37580
Ford,2023,193014,148,6.2,3,Electric,Pickup,Automatic,White,Fair,1,0,0,54470
Hyundai,2014,96751,388,3.7,4,Hybrid,Pickup,Manual,Blue,Fair,4,0,0,41373
BMW,2013,235203,127,4.1,8,Gasoline,SUV,Manual,Red,Fair,2,1,1,23177
Nissan,2019,32306,416,1.9,3,Electric,Coupe,Automatic,Brown,Excellent,4,0,0,55498
Nissan,2008,221523,157,2.7,6,Hybrid,Crossover,Manual,White,Poor,1,0,0,17730
Honda,2012,175987,326,2.2,8,Hybrid,Hatchback,Automatic,White,Good,1,0,0,43363
Ford,2022,42219,164,2.1,6,Electric,Sedan,CVT,Red,Poor,1,0,0,40840
Chevrolet,2012,216951,382,4.8,6,Diesel,Crossover,CVT,Silver,Good,1,0,0,43303
Honda,2013,248011,182,2.4,3,Electric,Pickup,Manual,White,Excellent,1,0,1,38802
Kia,2010,200716,88,4.7,8,Diesel,Pickup,Automatic,Black,Excellent,2,1,0,29660
Hyundai,2012,65279,196,1.2,12,Gasoline,Hatchback,Automatic,Red,Good,3,0,1,33592
Honda,2014,58028,254,1.7,10,Gasoline,Hatchback,CVT,White,Good,1,0,1,41998
Hyundai,2012,109263,285,2.5,3,Electric,Sedan,CVT,Blue,Good,1,1,1,34111
Toyota,2012,5126,391,4.5,3,Electric,Hatchback,Automatic,Gray,Poor,4,1,0,42945
Nissan,2012,57329,229,5.0,12,Gasoline,SUV,Manual,Black,Good,2,0,0,46373
Toyota,2017,32632,68,3.5,8,Diesel,Sedan,CVT,Gold,Excellent,2,0,0,40669
Volkswagen,2017,243171,99,3.6,8,Gasoline,Hatchback,Manual,Gold,Excellent,3,0,1,34443
Kia,2010,201382,84,5.3,6,Electric,Wagon,Manual,Gray,Fair,2,0,0,31341
Ford,2008,114945,320,0.9,12,Gasoline,Crossover,CVT,Gold,Good,4,0,1,32610
Chevrolet,2012,60176,285,2.9,12,Electric,Hatchback,Manual,Gray,Poor,4,0,0,44844
Hyundai,2021,222138,183,5.9,8,Electric,SUV,Manual,White,Poor,3,0,0,48500
Chevrolet,2016,241572,97,4.5,6,Gasoline,Coupe,Automatic,Black,Poor,4,0,0,20400
Hyundai,2021,180399,387,2.9,3,Diesel,Hatchback,Manual,Black,Fair,1,0,0,47185
BMW,2008,204976,310,6.4,4,Hybrid,Pickup,Automatic,Silver,Excellent,1,0,0,51073
Honda,2010,139869,448,5.6,10,Gasoline,Pickup,CVT,Gray,Poor,4,0,1,49276
Volkswagen,2020,183954,235,2.4,3,Hybrid,Pickup,CVT,Black,Excellent,3,0,1,46186
Nissan,2020,149790,149,4.8,8,Gasoline,Coupe,Automatic,Silver,Fair,2,0,1,37963
Mazda,2011,39560,96,4.5,10,Hybrid,Pickup,CVT,Red,Good,3,0,1,42062
Hyundai,2021,81589,375,3.3,4,Diesel,Wagon,Manual,Silver,Good,2,0,1,53618
Chevrolet,2008,27116,235,3.1,4,Diesel,Hatchback,Manual,Blue,Good,4,0,0,25588
Volkswagen,2008,172316,343,2.9,6,Gasoline,Pickup,Manual,Brown,Poor,4,0,1,23545
Mercedes,2015,237793,140,4.6,10,Electric,Sedan,CVT,White,Good,1,0,0,43716
Mercedes,2023,137717,173,3.5,6,Hybrid,Coupe,Manual,Red,Poor,2,1,0,40933
Toyota,2009,183595,99,6.0,3,Electric,Wagon,CVT,Brown,Fair,3,1,1,20536
Nissan,2019,129085,360,5.0,12,Electric,Sedan,Manual,Brown,Fair,4,0,0,64763
Mazda,2022,122718,283,1.2,12,Electric,Sedan,Automatic,Red,Poor,3,0,0,53127
BMW,2015,24256,377,4.8,12,Diesel,Sedan,CVT,Blue,Excellent,1,0,0,60698
Chevrolet,2014,237448,408,2.5,10,Gasoline,Sedan,CVT,Silver,Good,2,0,0,42958
Mazda,2017,105158,174,4.5,12,Gasoline,Hatchback,Manual,White,Good,2,0,1,43514
Honda,2017,189245,245,5.0,3,Diesel,Pickup,CVT,Silver,Good,4,1,0,38617
Honda,2009,173502,382,2.2,6,Diesel,Crossover,CVT,Black,Poor,2,0,0,27750
Chevrolet,2013,175354,115,3.6,10,Gasoline,Hatchback,Automatic,Silver,Fair,4,0,0,19576
Ford,2013,124719,99,2.0,6,Electric,Hatchback,Automatic,Gold,Good,1,1,0,28521
BMW,2010,199446,413,1.1,10,Hybrid,Wagon,Manual,Red,Fair,2,1,1,39754
Volkswagen,2018,73244,99,3.1,6,Hybrid,Wagon,Automatic,White,Good,4,1,0,31715
Hyundai,2009,147766,406,3.1,4,Hybrid,Pickup,Manual,Silver,Good,3,0,0,42872
Ford,2019,61264,296,7.0,6,Electric,Crossover,Manual,White,Poor,4,0,1,58233
Hyundai,2008,211132,348,3.6,12,Gasoline,Wagon,Manual,White,Excellent,2,0,1,39309
Hyundai,2013,233488,321,2.9,4,Diesel,Pickup,CVT,Black,Poor,1,0,1,32607
Ford,2019,62545,275,4.4,6,Gasoline,Pickup,Automatic,Black,Good,2,0,1,53643
Toyota,2012,44224,206,1.4,10,Electric,SUV,Manual,Red,Good,2,0,0,41961
Mercedes,2021,238588,395,6.8,10,Diesel,Crossover,Automatic,Blue,Excellent,4,1,0,68055
Hyundai,2021,102945,227,4.7,10,Electric,Wagon,Manual,Gold,Fair,3,0,0,49996
Ford,2018,18224,151,5.5,8,Hybrid,Crossover,Automatic,Brown,Fair,2,0,1,47335
Ford,2016,45738,412,1.9,3,Hybrid,Hatchback,Automatic,White,Good,3,0,0,49869
Kia,2008,161222,118,3.3,10,Electric,Hatchback,Manual,Blue,Fair,4,0,0,22909
Mazda,2023,68731,118,3.4,4,Diesel,Crossover,CVT,Brown,Good,3,0,0,31642
Audi,2022,185760,363,5.9,10,Diesel,SUV,Automatic,Brown,Excellent,4,0,0,74361
Toyota,2022,236001,228,0.8,8,Gasoline,SUV,CVT,Gold,Excellent,1,0,0,40977
Nissan,2014,244690,328,2.7,12,Hybrid,Crossover,CVT,Red,Good,3,1,1,44771
Audi,2022,209581,422,6.9,4,Gasoline,Wagon,Manual,Brown,Excellent,3,0,0,58122
Mazda,2012,144649,104,3.7,8,Gasoline,Coupe,Manual,Gold,Poor,1,1,1,18161
Mazda,2012,13070,404,3.2,12,Electric,SUV,Manual,Brown,Poor,3,0,1,52579
Mazda,2021,131161,240,1.5,4,Electric,Sedan,Automatic,White,Excellent,1,0,0,48891
Audi,2009,13666,229,6.8,6,Gasoline,Hatchback,Manual,White,Good,2,0,0,38897
Chevrolet,2018,62761,415,0.9,3,Hybrid,Crossover,Manual,Gray,Good,4,0,0,45169
Mercedes,2010,41368,250,5.4,3,Electric,Sedan,Automatic,Blue,Excellent,1,0,0,48841
Ford,2014,142855,214,5.6,8,Gasoline,Crossover,Automatic,Silver,Fair,3,0,1,34729
Mercedes,2013,247602,247,2.3,12,Gasoline,Pickup,Manual,Gold,Poor,1,1,0,26370
BMW,2023,46914,66,5.0,3,Gasoline,Hatchback,Manual,Black,Fair,3,1,0,34193
Chevrolet,2019,206579,192,1.4,12,Gasoline,Hatchback,Manual,Gold,Good,2,0,0,41307
Nissan,2009,132738,294,2.4,12,Gasoline,SUV,Manual,Silver,Good,1,1,1,40024
Mercedes,2013,215098,104,5.7,8,Gasoline,SUV,CVT,Blue,Fair,2,0,1,34326
Honda,2009,247327,373,6.2,8,Electric,Sedan,CVT,Black,Excellent,4,1,1,55142
Mazda,2009,246688,308,4.6,8,Hybrid,Pickup,Manual,Silver,Fair,3,0,1,40293
Hyundai,2009,72526,90,3.9,3,Gasoline,Crossover,CVT,Gray,Fair,3,0,0,16906
BMW,2021,206907,82,1.8,8,Diesel,Pickup,Automatic,Black,Poor,2,1,1,23919
Toyota,2022,181837,219,1.2,3,Electric,Hatchback,CVT,White,Poor,4,0,0,29446
Nissan,2018,24956,422,1.5,8,Electric,Sedan,CVT,Silver,Fair,1,1,1,55023
BMW,2010,223967,217,2.2,10,Gasoline,Coupe,Manual,Gold,Fair,1,0,1,24578
Mazda,2022,51240,98,2.9,12,Electric,Sedan,CVT,Black,Good,3,0,0,47198
Hyundai,2009,126008,141,3.2,8,Gasoline,Wagon,CVT,Gray,Poor,2,0,1,18532
Chevrolet,2011,173220,415,2.9,4,Hybrid,Sedan,CVT,Gold,Poor,2,0,1,34582
Hyundai,2016,99270,317,2.3,12,Hybrid,Pickup,CVT,Brown,Good,1,0,0,52817
Audi,2013,9757,265,4.0,12,Electric,Wagon,Automatic,Black,Excellent,4,1,1,55425
Hyundai,2008,24097,136,5.9,8,Electric,Wagon,Manual,Black,Poor,4,0,0,37876
Audi,2015,146467,71,2.5,6,Diesel,Wagon,Manual,Gray,Poor,1,1,0,20706
Chevrolet,2022,152313,354,6.6,8,Electric,Coupe,Automatic,Brown,Excellent,1,1,0,73179
Volkswagen,2019,108892,283,6.2,12,Diesel,Sedan,CVT,Silver,Poor,2,0,0,49842
Mazda,2021,163768,72,1.8,4,Hybrid,Pickup,Automatic,Red,Poor,4,1,1,24664
Audi,2014,75480,105,5.7,12,Hybrid,Sedan,CVT,Silver,Excellent,1,1,1,48084
Toyota,2017,51163,214,4.4,4,Gasoline,Coupe,Automatic,Brown,Excellent,1,1,1,45277
Hyundai,2010,24816,172,4.3,3,Hybrid,Hatchback,Manual,Blue,Fair,3,1,0,23443
Hyundai,2008,185912,292,3.2,10,Diesel,SUV,Manual,Gold,Good,1,1,1,43728
Toyota,2012,238619,76,3.9,12,Electric,Pickup,Manual,Gray,Good,1,0,0,38909
Honda,2020,57853,419,3.3,8,Gasoline,Pickup,CVT,Silver,Excellent,4,0,1,61805
Ford,2011,160989,282,4.1,3,Diesel,Sedan,CVT,Black,Excellent,2,1,0,28353
Volkswagen,2017,101731,413,4.7,10,Electric,SUV,Automatic,Gray,Poor,4,0,0,60758
Nissan,2015,157638,247,5.0,8,Gasoline,Crossover,Automatic,White,Fair,2,0,1,45238
Audi,2008,211524,403,4.1,6,Hybrid,Crossover,Manual,Brown,Fair,3,0,0,38551
Toyota,2017,67823,424,5.3,8,Diesel,Coupe,CVT,Gold,Excellent,1,1,0,55788
Chevrolet,2008,156878,222,1.7,4,Electric,Crossover,Automatic,Silver,Poor,3,0,0,20814
Audi,2019,211592,385,2.1,4,Gasoline,Pickup,CVT,Gray,Poor,2,1,0,39697
Ford,2011,6759,133,5.9,6,Gasoline,Crossover,CVT,Gold,Good,4,0,0,31975
Chevrolet,2015,178021,292,2.8,3,Hybrid,Hatchback,Manual,Silver,Good,4,0,0,36846
BMW,2012,97374,283,0.9,10,Electric,Hatchback,Manual,Gray,Poor,3,0,0,39765
Mazda,2009,138554,378,1.8,8,Hybrid,Hatchback,CVT,Black,Good,2,0,0,40059
Hyundai,2013,29442,119,2.2,4,Hybrid,Crossover,CVT,White,Excellent,3,0,1,35929
BMW,2012,169791,394,6.7,3,Electric,Coupe,CVT,White,Poor,3,1,0,44130
Audi,2009,194138,281,4.4,6,Electric,Wagon,CVT,Blue,Good,1,1,1,41911
Ford,2020,98501,96,6.6,12,Electric,Wagon,Manual,Gray,Fair,3,0,1,54642
Volkswagen,2021,7079,337,4.4,4,Diesel,SUV,Automatic,Silver,Poor,1,0,0,55264
Mazda,2018,138789,255,3.8,6,Electric,Wagon,Manual,White,Poor,1,1,1,42092
Audi,2018,64676,411,2.7,8,Gasoline,Wagon,Automatic,Brown,Fair,4,1,1,42705
Toyota,2023,164024,301,4.6,10,Hybrid,Hatchback,CVT,White,Excellent,1,0,1,62520
